{"web":{"auth_uri":"https://accounts.google.com/o/oauth2/auth","client_secret":"jzaUaC50PpdcVKkIkd9MXCc1","token_uri":"https://accounts.google.com/o/oauth2/token","client_email":"950296359546-tr6a0qci8smluvackvmj51bruuu73qos@developer.gserviceaccount.com","redirect_uris":["http://localhost:5000/oauth2callback"],"client_x509_cert_url":"https://www.googleapis.com/robot/v1/metadata/x509/950296359546-tr6a0qci8smluvackvmj51bruuu73qos@developer.gserviceaccount.com","client_id":"950296359546-tr6a0qci8smluvackvmj51bruuu73qos.apps.googleusercontent.com","auth_provider_x509_cert_url":"https://www.googleapis.com/oauth2/v1/certs","javascript_origins":["http://localhost:5000"]}}